<?xml version="1.0" encoding="utf-8"?>
<databaseChangeLog
        xmlns="http://www.liquibase.org/xml/ns/dbchangelog"
        xmlns:xsi="http://www.w3.org/2001/XMLSchema-instance"
        xsi:schemaLocation="http://www.liquibase.org/xml/ns/dbchangelog http://www.liquibase.org/xml/ns/dbchangelog/dbchangelog-3.4.xsd">

    <property name="now" value="now()" dbms="mysql,h2"/>
    <property name="now" value="current_timestamp" dbms="postgresql"/>
    <property name="now" value="sysdate" dbms="oracle"/>

    <property name="autoIncrement" value="true" dbms="mysql,h2,postgresql,oracle"/>

    <property name="floatType" value="float4" dbms="postgresql, h2"/>
    <property name="floatType" value="float" dbms="mysql, oracle"/>

    <!-- Create entity role -->
    <changeSet id="00002" author="user" context="dev, prod">
        <createTable tableName="role">
            <column name="id" type="int(11)" autoIncrement="${autoIncrement}">
                <constraints nullable="false" primaryKey="true"  />
            </column>
            <column name="name" type="varchar(50)">
                <constraints nullable="false" unique="true" />
            </column>
            <column name="description" type="varchar(64)" />
        </createTable>

        <!-- Load data from CSV -->
        <loadData encoding="UTF-8"
                  file="../seeds/role.csv"
                  separator=";"
                  tableName="role"
                  relativeToChangelogFile="true"/>

    </changeSet>
</databaseChangeLog>