<?xml version="1.0" encoding="utf-8"?>
<databaseChangeLog
        xmlns="http://www.liquibase.org/xml/ns/dbchangelog"
        xmlns:xsi="http://www.w3.org/2001/XMLSchema-instance"
        xsi:schemaLocation="http://www.liquibase.org/xml/ns/dbchangelog http://www.liquibase.org/xml/ns/dbchangelog/dbchangelog-3.4.xsd">

    <property name="now" value="now()" dbms="mysql,h2"/>
    <property name="now" value="current_timestamp" dbms="postgresql"/>
    <property name="now" value="sysdate" dbms="oracle"/>

    <property name="autoIncrement" value="true" dbms="mysql,h2,postgresql,oracle"/>

    <property name="floatType" value="float4" dbms="postgresql, h2"/>
    <property name="floatType" value="float" dbms="mysql, oracle"/>

    <!-- Create entity user -->
    <changeSet id="00003" author="user" context="dev, prod">
        <createTable tableName="user">
            <column name="id" type="int(11)" autoIncrement="${autoIncrement}">
                <constraints nullable="false" primaryKey="true"  />
            </column>
            <column name="first_name" type="varchar(50)" />
            <column name="last_name" type="varchar(50)" />
            <column name="username" type="varchar(50)" >
                <constraints nullable="false" unique="true" />
            </column>
            <column name="email" type="varchar(50)">
                <constraints nullable="false" unique="true" />
            </column>
            <column name="password" type="varchar(100)">
                <constraints nullable="false" />
            </column>
            <column name="enabled" type="bit(1)" defaultValue="1" />
            <column name="last_password_reset_date" type="datetime" />
            <column name="is_otp_required" type="bit(1)" defaultValueBoolean="true">
                <constraints nullable="false" />
            </column>
        </createTable>

        <!-- Load data from CSV -->
        <loadData encoding="UTF-8"
                  file="../seeds/user.csv"
                  separator=";"
                  tableName="user"
                  relativeToChangelogFile="true">

            <column name="enabled" type="boolean"/>

        </loadData>

    </changeSet>
</databaseChangeLog>